id,hotelId,indicatorId,facilityId,roomId,rowIndex,colIndex,createdAt,updatedAt,deletedAt,createdBy,updatedBy,deletedBy,inntoDataId
347,3,8,None,296,0,0,'2023-02-15 14:13:57.340241+09:00','2023-02-15 14:13:57.340241+09:00',None,None,None,None,None
348,3,8,None,301,1,0,'2023-02-15 14:13:57.340241+09:00','2023-02-15 14:13:57.340241+09:00',None,None,None,None,None
349,3,8,None,350,0,1,'2023-02-15 14:13:57.340241+09:00','2023-02-15 14:13:57.340241+09:00',None,None,None,None,None
350,3,8,None,297,0,2,'2023-02-15 14:13:57.340241+09:00','2023-02-15 14:13:57.340241+09:00',None,None,None,None,None
351,3,8,None,298,0,3,'2023-02-15 14:13:57.340241+09:00','2023-02-15 14:13:57.340241+09:00',None,None,None,None,None
352,3,8,None,299,0,4,'2023-02-15 14:13:57.340241+09:00','2023-02-15 14:13:57.340241+09:00',None,None,None,None,None
353,3,8,None,300,0,5,'2023-02-15 14:13:57.340241+09:00','2023-02-15 14:13:57.340241+09:00',None,None,None,None,None
354,3,8,None,307,0,6,'2023-02-15 14:13:57.340241+09:00','2023-02-15 14:13:57.340241+09:00',None,None,None,None,None
355,3,8,None,351,1,1,'2023-02-15 14:13:57.340241+09:00','2023-02-15 14:13:57.340241+09:00',None,None,None,None,None
356,3,8,None,302,1,2,'2023-02-15 14:13:57.340241+09:00','2023-02-15 14:13:57.340241+09:00',None,None,None,None,None
357,3,8,None,303,1,3,'2023-02-15 14:13:57.340241+09:00','2023-02-15 14:13:57.340241+09:00',None,None,None,None,None
358,3,8,None,304,1,4,'2023-02-15 14:13:57.340241+09:00','2023-02-15 14:13:57.340241+09:00',None,None,None,None,None
359,3,8,None,305,1,5,'2023-02-15 14:13:57.340241+09:00','2023-02-15 14:13:57.340241+09:00',None,None,None,None,None
360,3,8,None,306,1,6,'2023-02-15 14:13:57.340241+09:00','2023-02-15 14:13:57.340241+09:00',None,None,None,None,None
361,3,8,None,308,2,0,'2023-02-15 14:13:57.340241+09:00','2023-02-15 14:13:57.340241+09:00',None,None,None,None,None
362,3,8,None,309,2,1,'2023-02-15 14:13:57.340241+09:00','2023-02-15 14:13:57.340241+09:00',None,None,None,None,None
363,3,8,None,310,2,2,'2023-02-15 14:13:57.340241+09:00','2023-02-15 14:13:57.340241+09:00',None,None,None,None,None
364,3,8,None,311,2,3,'2023-02-15 14:13:57.340241+09:00','2023-02-15 14:13:57.340241+09:00',None,None,None,None,None
365,3,8,None,312,2,4,'2023-02-15 14:13:57.340241+09:00','2023-02-15 14:13:57.340241+09:00',None,None,None,None,None
366,3,8,None,313,2,5,'2023-02-15 14:13:57.340241+09:00','2023-02-15 14:13:57.340241+09:00',None,None,None,None,None
367,3,8,None,314,2,6,'2023-02-15 14:13:57.340241+09:00','2023-02-15 14:13:57.340241+09:00',None,None,None,None,None
368,3,8,None,315,3,0,'2023-02-15 14:13:57.340241+09:00','2023-02-15 14:13:57.340241+09:00',None,None,None,None,None
369,3,8,None,316,3,1,'2023-02-15 14:13:57.340241+09:00','2023-02-15 14:13:57.340241+09:00',None,None,None,None,None
370,3,8,None,317,3,2,'2023-02-15 14:13:57.340241+09:00','2023-02-15 14:13:57.340241+09:00',None,None,None,None,None
371,3,8,None,318,3,3,'2023-02-15 14:13:57.340241+09:00','2023-02-15 14:13:57.340241+09:00',None,None,None,None,None
372,3,8,None,319,3,4,'2023-02-15 14:13:57.340241+09:00','2023-02-15 14:13:57.340241+09:00',None,None,None,None,None
373,3,8,None,320,3,5,'2023-02-15 14:13:57.340241+09:00','2023-02-15 14:13:57.340241+09:00',None,None,None,None,None
374,3,8,None,321,3,6,'2023-02-15 14:13:57.340241+09:00','2023-02-15 14:13:57.340241+09:00',None,None,None,None,None
375,3,8,None,322,4,0,'2023-02-15 14:13:57.340241+09:00','2023-02-15 14:13:57.340241+09:00',None,None,None,None,None
376,3,8,None,323,4,1,'2023-02-15 14:13:57.340241+09:00','2023-02-15 14:13:57.340241+09:00',None,None,None,None,None
377,3,8,None,324,4,2,'2023-02-15 14:13:57.340241+09:00','2023-02-15 14:13:57.340241+09:00',None,None,None,None,None
378,3,8,None,325,4,3,'2023-02-15 14:13:57.340241+09:00','2023-02-15 14:13:57.340241+09:00',None,None,None,None,None
379,3,8,None,326,4,4,'2023-02-15 14:13:57.340241+09:00','2023-02-15 14:13:57.340241+09:00',None,None,None,None,None
380,3,8,None,327,4,5,'2023-02-15 14:13:57.340241+09:00','2023-02-15 14:13:57.340241+09:00',None,None,None,None,None
381,3,8,None,328,4,6,'2023-02-15 14:13:57.340241+09:00','2023-02-15 14:13:57.340241+09:00',None,None,None,None,None
382,3,8,None,329,5,0,'2023-02-15 14:13:57.340241+09:00','2023-02-15 14:13:57.340241+09:00',None,None,None,None,None
383,3,8,None,330,5,1,'2023-02-15 14:13:57.340241+09:00','2023-02-15 14:13:57.340241+09:00',None,None,None,None,None
384,3,8,None,331,5,2,'2023-02-15 14:13:57.340241+09:00','2023-02-15 14:13:57.340241+09:00',None,None,None,None,None
385,3,8,None,332,5,3,'2023-02-15 14:13:57.340241+09:00','2023-02-15 14:13:57.340241+09:00',None,None,None,None,None
386,3,8,None,333,5,4,'2023-02-15 14:13:57.340241+09:00','2023-02-15 14:13:57.340241+09:00',None,None,None,None,None
387,3,8,None,334,5,5,'2023-02-15 14:13:57.340241+09:00','2023-02-15 14:13:57.340241+09:00',None,None,None,None,None
388,3,8,None,335,5,6,'2023-02-15 14:13:57.340241+09:00','2023-02-15 14:13:57.340241+09:00',None,None,None,None,None
389,3,8,None,336,6,0,'2023-02-15 14:13:57.340241+09:00','2023-02-15 14:13:57.340241+09:00',None,None,None,None,None
390,3,8,None,337,6,1,'2023-02-15 14:13:57.340241+09:00','2023-02-15 14:13:57.340241+09:00',None,None,None,None,None
391,3,8,None,338,6,2,'2023-02-15 14:13:57.340241+09:00','2023-02-15 14:13:57.340241+09:00',None,None,None,None,None
392,3,8,None,339,6,3,'2023-02-15 14:13:57.340241+09:00','2023-02-15 14:13:57.340241+09:00',None,None,None,None,None
393,3,8,None,340,6,4,'2023-02-15 14:13:57.340241+09:00','2023-02-15 14:13:57.340241+09:00',None,None,None,None,None
394,3,8,None,341,6,5,'2023-02-15 14:13:57.340241+09:00','2023-02-15 14:13:57.340241+09:00',None,None,None,None,None
395,3,8,None,342,6,6,'2023-02-15 14:13:57.340241+09:00','2023-02-15 14:13:57.340241+09:00',None,None,None,None,None
396,3,8,None,343,7,0,'2023-02-15 14:13:57.340241+09:00','2023-02-15 14:13:57.340241+09:00',None,None,None,None,None
397,3,8,None,344,7,1,'2023-02-15 14:13:57.340241+09:00','2023-02-15 14:13:57.340241+09:00',None,None,None,None,None
398,3,8,None,345,7,2,'2023-02-15 14:13:57.340241+09:00','2023-02-15 14:13:57.340241+09:00',None,None,None,None,None
399,3,8,None,346,7,3,'2023-02-15 14:13:57.340241+09:00','2023-02-15 14:13:57.340241+09:00',None,None,None,None,None
400,3,8,None,347,7,4,'2023-02-15 14:13:57.340241+09:00','2023-02-15 14:13:57.340241+09:00',None,None,None,None,None
401,3,8,None,348,7,5,'2023-02-15 14:13:57.340241+09:00','2023-02-15 14:13:57.340241+09:00',None,None,None,None,None
402,3,8,None,349,7,6,'2023-02-15 14:13:57.340241+09:00','2023-02-15 14:13:57.340241+09:00',None,None,None,None,None
416,3,7,None,308,2,0,'2023-02-15 18:01:06.422064+09:00','2023-02-15 18:01:06.422064+09:00',None,None,None,None,None
417,3,7,None,309,2,1,'2023-02-15 18:01:06.422064+09:00','2023-02-15 18:01:06.422064+09:00',None,None,None,None,None
418,3,7,None,310,2,2,'2023-02-15 18:01:06.422064+09:00','2023-02-15 18:01:06.422064+09:00',None,None,None,None,None
419,3,7,None,311,2,3,'2023-02-15 18:01:06.422064+09:00','2023-02-15 18:01:06.422064+09:00',None,None,None,None,None
420,3,7,None,312,2,4,'2023-02-15 18:01:06.422064+09:00','2023-02-15 18:01:06.422064+09:00',None,None,None,None,None
421,3,7,None,313,2,5,'2023-02-15 18:01:06.422064+09:00','2023-02-15 18:01:06.422064+09:00',None,None,None,None,None
422,3,7,None,314,2,6,'2023-02-15 18:01:06.422064+09:00','2023-02-15 18:01:06.422064+09:00',None,None,None,None,None
423,3,7,None,315,3,0,'2023-02-15 18:01:06.422064+09:00','2023-02-15 18:01:06.422064+09:00',None,None,None,None,None
424,3,7,None,316,3,1,'2023-02-15 18:01:06.422064+09:00','2023-02-15 18:01:06.422064+09:00',None,None,None,None,None
425,3,7,None,317,3,2,'2023-02-15 18:01:06.422064+09:00','2023-02-15 18:01:06.422064+09:00',None,None,None,None,None
426,3,7,None,318,3,3,'2023-02-15 18:01:06.422064+09:00','2023-02-15 18:01:06.422064+09:00',None,None,None,None,None
427,3,7,None,319,3,4,'2023-02-15 18:01:06.422064+09:00','2023-02-15 18:01:06.422064+09:00',None,None,None,None,None
428,3,7,None,320,3,5,'2023-02-15 18:01:06.422064+09:00','2023-02-15 18:01:06.422064+09:00',None,None,None,None,None
429,3,7,None,321,3,6,'2023-02-15 18:01:06.422064+09:00','2023-02-15 18:01:06.422064+09:00',None,None,None,None,None
430,3,7,None,322,4,0,'2023-02-15 18:01:06.422064+09:00','2023-02-15 18:01:06.422064+09:00',None,None,None,None,None
431,3,7,None,323,4,1,'2023-02-15 18:01:06.422064+09:00','2023-02-15 18:01:06.422064+09:00',None,None,None,None,None
432,3,7,None,324,4,2,'2023-02-15 18:01:06.422064+09:00','2023-02-15 18:01:06.422064+09:00',None,None,None,None,None
433,3,7,None,325,4,3,'2023-02-15 18:01:06.422064+09:00','2023-02-15 18:01:06.422064+09:00',None,None,None,None,None
434,3,7,None,326,4,4,'2023-02-15 18:01:06.422064+09:00','2023-02-15 18:01:06.422064+09:00',None,None,None,None,None
435,3,7,None,327,4,5,'2023-02-15 18:01:06.422064+09:00','2023-02-15 18:01:06.422064+09:00',None,None,None,None,None
436,3,7,None,328,4,6,'2023-02-15 18:01:06.422064+09:00','2023-02-15 18:01:06.422064+09:00',None,None,None,None,None
437,3,7,None,329,5,0,'2023-02-15 18:01:06.422064+09:00','2023-02-15 18:01:06.422064+09:00',None,None,None,None,None
438,3,7,None,330,5,1,'2023-02-15 18:01:06.422064+09:00','2023-02-15 18:01:06.422064+09:00',None,None,None,None,None
439,3,7,None,331,5,2,'2023-02-15 18:01:06.422064+09:00','2023-02-15 18:01:06.422064+09:00',None,None,None,None,None
440,3,7,None,332,5,3,'2023-02-15 18:01:06.422064+09:00','2023-02-15 18:01:06.422064+09:00',None,None,None,None,None
441,3,7,None,333,5,4,'2023-02-15 18:01:06.422064+09:00','2023-02-15 18:01:06.422064+09:00',None,None,None,None,None
442,3,7,None,334,5,5,'2023-02-15 18:01:06.422064+09:00','2023-02-15 18:01:06.422064+09:00',None,None,None,None,None
443,3,7,None,335,5,6,'2023-02-15 18:01:06.422064+09:00','2023-02-15 18:01:06.422064+09:00',None,None,None,None,None
444,3,7,None,336,6,0,'2023-02-15 18:01:06.422064+09:00','2023-02-15 18:01:06.422064+09:00',None,None,None,None,None
445,3,7,None,337,6,1,'2023-02-15 18:01:06.422064+09:00','2023-02-15 18:01:06.422064+09:00',None,None,None,None,None
446,3,7,None,338,6,2,'2023-02-15 18:01:06.422064+09:00','2023-02-15 18:01:06.422064+09:00',None,None,None,None,None
447,3,7,None,340,6,4,'2023-02-15 18:01:06.422064+09:00','2023-02-15 18:01:06.422064+09:00',None,None,None,None,None
448,3,7,None,339,6,3,'2023-02-15 18:01:06.422064+09:00','2023-02-15 18:01:06.422064+09:00',None,None,None,None,None
449,3,7,None,341,6,5,'2023-02-15 18:01:06.422064+09:00','2023-02-15 18:01:06.422064+09:00',None,None,None,None,None
450,3,7,None,342,6,6,'2023-02-15 18:01:06.422064+09:00','2023-02-15 18:01:06.422064+09:00',None,None,None,None,None
451,3,7,None,343,7,0,'2023-02-15 18:01:06.422064+09:00','2023-02-15 18:01:06.422064+09:00',None,None,None,None,None
452,3,7,None,344,7,1,'2023-02-15 18:01:06.422064+09:00','2023-02-15 18:01:06.422064+09:00',None,None,None,None,None
453,3,7,None,345,7,2,'2023-02-15 18:01:06.422064+09:00','2023-02-15 18:01:06.422064+09:00',None,None,None,None,None
454,3,7,None,346,7,3,'2023-02-15 18:01:06.422064+09:00','2023-02-15 18:01:06.422064+09:00',None,None,None,None,None
455,3,7,None,347,7,4,'2023-02-15 18:01:06.422064+09:00','2023-02-15 18:01:06.422064+09:00',None,None,None,None,None
456,3,7,None,348,7,5,'2023-02-15 18:01:06.422064+09:00','2023-02-15 18:01:06.422064+09:00',None,None,None,None,None
457,3,7,None,349,7,6,'2023-02-15 18:01:06.422064+09:00','2023-02-15 18:01:06.422064+09:00',None,None,None,None,None
292,3,7,None,350,1,0,'2023-02-14 13:33:08.276135+09:00','2023-02-15 17:50:32.902401+09:00','2023-02-15 17:50:32.902401+09:00',None,None,None,None
293,3,7,None,297,2,0,'2023-02-14 13:33:08.276135+09:00','2023-02-15 17:50:32.902401+09:00','2023-02-15 17:50:32.902401+09:00',None,None,None,None
294,3,7,None,298,3,0,'2023-02-14 13:33:08.276135+09:00','2023-02-15 17:50:32.902401+09:00','2023-02-15 17:50:32.902401+09:00',None,None,None,None
295,3,7,None,299,4,0,'2023-02-14 13:33:08.276135+09:00','2023-02-15 17:50:32.902401+09:00','2023-02-15 17:50:32.902401+09:00',None,None,None,None
296,3,7,None,300,5,0,'2023-02-14 13:33:08.276135+09:00','2023-02-15 17:50:32.902401+09:00','2023-02-15 17:50:32.902401+09:00',None,None,None,None
297,3,7,None,307,6,0,'2023-02-14 13:33:08.276135+09:00','2023-02-15 17:50:32.902401+09:00','2023-02-15 17:50:32.902401+09:00',None,None,None,None
298,3,7,None,301,7,0,'2023-02-14 13:33:08.276135+09:00','2023-02-15 17:50:32.902401+09:00','2023-02-15 17:50:32.902401+09:00',None,None,None,None
299,3,7,None,351,8,0,'2023-02-14 13:33:08.276135+09:00','2023-02-15 17:50:32.902401+09:00','2023-02-15 17:50:32.902401+09:00',None,None,None,None
300,3,7,None,302,9,0,'2023-02-14 13:33:08.276135+09:00','2023-02-15 17:50:32.902401+09:00','2023-02-15 17:50:32.902401+09:00',None,None,None,None
301,3,7,None,303,0,1,'2023-02-14 13:33:08.276135+09:00','2023-02-15 17:50:32.902401+09:00','2023-02-15 17:50:32.902401+09:00',None,None,None,None
302,3,7,None,304,1,1,'2023-02-14 13:33:08.276135+09:00','2023-02-15 17:50:32.902401+09:00','2023-02-15 17:50:32.902401+09:00',None,None,None,None
303,3,7,None,305,2,1,'2023-02-14 13:33:08.276135+09:00','2023-02-15 17:50:32.902401+09:00','2023-02-15 17:50:32.902401+09:00',None,None,None,None
304,3,7,None,306,3,1,'2023-02-14 13:33:08.276135+09:00','2023-02-15 17:50:32.902401+09:00','2023-02-15 17:50:32.902401+09:00',None,None,None,None
305,3,7,None,308,4,1,'2023-02-14 13:33:08.276135+09:00','2023-02-15 17:50:32.902401+09:00','2023-02-15 17:50:32.902401+09:00',None,None,None,None
306,3,7,None,309,5,1,'2023-02-14 13:33:08.276135+09:00','2023-02-15 17:50:32.902401+09:00','2023-02-15 17:50:32.902401+09:00',None,None,None,None
307,3,7,None,310,6,1,'2023-02-14 13:33:08.276135+09:00','2023-02-15 17:50:32.902401+09:00','2023-02-15 17:50:32.902401+09:00',None,None,None,None
308,3,7,None,311,7,1,'2023-02-14 13:33:08.276135+09:00','2023-02-15 17:50:32.902401+09:00','2023-02-15 17:50:32.902401+09:00',None,None,None,None
309,3,7,None,312,8,1,'2023-02-14 13:33:08.276135+09:00','2023-02-15 17:50:32.902401+09:00','2023-02-15 17:50:32.902401+09:00',None,None,None,None
310,3,7,None,313,9,1,'2023-02-14 13:33:08.276135+09:00','2023-02-15 17:50:32.902401+09:00','2023-02-15 17:50:32.902401+09:00',None,None,None,None
311,3,7,None,314,0,2,'2023-02-14 13:33:08.276135+09:00','2023-02-15 17:50:32.902401+09:00','2023-02-15 17:50:32.902401+09:00',None,None,None,None
312,3,7,None,315,1,2,'2023-02-14 13:33:08.276135+09:00','2023-02-15 17:50:32.902401+09:00','2023-02-15 17:50:32.902401+09:00',None,None,None,None
313,3,7,None,316,2,2,'2023-02-14 13:33:08.276135+09:00','2023-02-15 17:50:32.902401+09:00','2023-02-15 17:50:32.902401+09:00',None,None,None,None
314,3,7,None,317,3,2,'2023-02-14 13:33:08.276135+09:00','2023-02-15 17:50:32.902401+09:00','2023-02-15 17:50:32.902401+09:00',None,None,None,None
315,3,7,None,318,4,2,'2023-02-14 13:33:08.276135+09:00','2023-02-15 17:50:32.902401+09:00','2023-02-15 17:50:32.902401+09:00',None,None,None,None
316,3,7,None,319,5,2,'2023-02-14 13:33:08.276135+09:00','2023-02-15 17:50:32.902401+09:00','2023-02-15 17:50:32.902401+09:00',None,None,None,None
317,3,7,None,320,6,2,'2023-02-14 13:33:08.276135+09:00','2023-02-15 17:50:32.902401+09:00','2023-02-15 17:50:32.902401+09:00',None,None,None,None
318,3,7,None,321,7,2,'2023-02-14 13:33:08.276135+09:00','2023-02-15 17:50:32.902401+09:00','2023-02-15 17:50:32.902401+09:00',None,None,None,None
319,3,7,None,322,8,2,'2023-02-14 13:33:08.276135+09:00','2023-02-15 17:50:32.902401+09:00','2023-02-15 17:50:32.902401+09:00',None,None,None,None
320,3,7,None,323,9,2,'2023-02-14 13:33:08.276135+09:00','2023-02-15 17:50:32.902401+09:00','2023-02-15 17:50:32.902401+09:00',None,None,None,None
321,3,7,None,324,0,3,'2023-02-14 13:33:08.276135+09:00','2023-02-15 17:50:32.902401+09:00','2023-02-15 17:50:32.902401+09:00',None,None,None,None
322,3,7,None,325,1,3,'2023-02-14 13:33:08.276135+09:00','2023-02-15 17:50:32.902401+09:00','2023-02-15 17:50:32.902401+09:00',None,None,None,None
323,3,7,None,326,2,3,'2023-02-14 13:33:08.276135+09:00','2023-02-15 17:50:32.902401+09:00','2023-02-15 17:50:32.902401+09:00',None,None,None,None
324,3,7,None,327,3,3,'2023-02-14 13:33:08.276135+09:00','2023-02-15 17:50:32.902401+09:00','2023-02-15 17:50:32.902401+09:00',None,None,None,None
325,3,7,None,328,4,3,'2023-02-14 13:33:08.276135+09:00','2023-02-15 17:50:32.902401+09:00','2023-02-15 17:50:32.902401+09:00',None,None,None,None
326,3,7,None,329,5,3,'2023-02-14 13:33:08.276135+09:00','2023-02-15 17:50:32.902401+09:00','2023-02-15 17:50:32.902401+09:00',None,None,None,None
327,3,7,None,330,6,3,'2023-02-14 13:33:08.276135+09:00','2023-02-15 17:50:32.902401+09:00','2023-02-15 17:50:32.902401+09:00',None,None,None,None
328,3,7,None,331,7,3,'2023-02-14 13:33:08.276135+09:00','2023-02-15 17:50:32.902401+09:00','2023-02-15 17:50:32.902401+09:00',None,None,None,None
329,3,7,None,332,8,3,'2023-02-14 13:33:08.276135+09:00','2023-02-15 17:50:32.902401+09:00','2023-02-15 17:50:32.902401+09:00',None,None,None,None
330,3,7,None,333,9,3,'2023-02-14 13:33:08.276135+09:00','2023-02-15 17:50:32.902401+09:00','2023-02-15 17:50:32.902401+09:00',None,None,None,None
331,3,7,None,334,0,4,'2023-02-14 13:33:08.276135+09:00','2023-02-15 17:50:32.902401+09:00','2023-02-15 17:50:32.902401+09:00',None,None,None,None
332,3,7,None,335,1,4,'2023-02-14 13:33:08.276135+09:00','2023-02-15 17:50:32.902401+09:00','2023-02-15 17:50:32.902401+09:00',None,None,None,None
333,3,7,None,336,2,4,'2023-02-14 13:33:08.276135+09:00','2023-02-15 17:50:32.902401+09:00','2023-02-15 17:50:32.902401+09:00',None,None,None,None
334,3,7,None,337,3,4,'2023-02-14 13:33:08.276135+09:00','2023-02-15 17:50:32.902401+09:00','2023-02-15 17:50:32.902401+09:00',None,None,None,None
335,3,7,None,338,4,4,'2023-02-14 13:33:08.276135+09:00','2023-02-15 17:50:32.902401+09:00','2023-02-15 17:50:32.902401+09:00',None,None,None,None
336,3,7,None,339,5,4,'2023-02-14 13:33:08.276135+09:00','2023-02-15 17:50:32.902401+09:00','2023-02-15 17:50:32.902401+09:00',None,None,None,None
337,3,7,None,340,6,4,'2023-02-14 13:33:08.276135+09:00','2023-02-15 17:50:32.902401+09:00','2023-02-15 17:50:32.902401+09:00',None,None,None,None
338,3,7,None,341,7,4,'2023-02-14 13:33:08.276135+09:00','2023-02-15 17:50:32.902401+09:00','2023-02-15 17:50:32.902401+09:00',None,None,None,None
339,3,7,None,342,8,4,'2023-02-14 13:33:08.276135+09:00','2023-02-15 17:50:32.902401+09:00','2023-02-15 17:50:32.902401+09:00',None,None,None,None
340,3,7,None,343,9,4,'2023-02-14 13:33:08.276135+09:00','2023-02-15 17:50:32.902401+09:00','2023-02-15 17:50:32.902401+09:00',None,None,None,None
341,3,7,None,344,0,5,'2023-02-14 13:33:08.276135+09:00','2023-02-15 17:50:32.902401+09:00','2023-02-15 17:50:32.902401+09:00',None,None,None,None
342,3,7,None,345,1,5,'2023-02-14 13:33:08.276135+09:00','2023-02-15 17:50:32.902401+09:00','2023-02-15 17:50:32.902401+09:00',None,None,None,None
343,3,7,None,346,2,5,'2023-02-14 13:33:08.276135+09:00','2023-02-15 17:50:32.902401+09:00','2023-02-15 17:50:32.902401+09:00',None,None,None,None
344,3,7,None,347,3,5,'2023-02-14 13:33:08.276135+09:00','2023-02-15 17:50:32.902401+09:00','2023-02-15 17:50:32.902401+09:00',None,None,None,None
345,3,7,None,348,4,5,'2023-02-14 13:33:08.276135+09:00','2023-02-15 17:50:32.902401+09:00','2023-02-15 17:50:32.902401+09:00',None,None,None,None
346,3,7,None,349,5,5,'2023-02-14 13:33:08.276135+09:00','2023-02-15 17:50:32.902401+09:00','2023-02-15 17:50:32.902401+09:00',None,None,None,None
291,3,7,None,296,0,0,'2023-02-14 13:33:08.276135+09:00','2023-02-14 13:33:08.276135+09:00',None,None,None,None,None
403,3,7,None,350,0,1,'2023-02-15 17:50:32.902401+09:00','2023-02-15 17:50:32.902401+09:00',None,None,None,None,None
404,3,7,None,297,0,2,'2023-02-15 17:50:32.902401+09:00','2023-02-15 17:50:32.902401+09:00',None,None,None,None,None
405,3,7,None,298,0,3,'2023-02-15 17:50:32.902401+09:00','2023-02-15 17:50:32.902401+09:00',None,None,None,None,None
406,3,7,None,299,0,4,'2023-02-15 17:50:32.902401+09:00','2023-02-15 17:50:32.902401+09:00',None,None,None,None,None
407,3,7,None,300,0,5,'2023-02-15 17:50:32.902401+09:00','2023-02-15 17:50:32.902401+09:00',None,None,None,None,None
408,3,7,None,307,0,6,'2023-02-15 17:50:32.902401+09:00','2023-02-15 17:50:32.902401+09:00',None,None,None,None,None
409,3,7,None,301,1,0,'2023-02-15 17:50:32.902401+09:00','2023-02-15 17:50:32.902401+09:00',None,None,None,None,None
410,3,7,None,351,1,1,'2023-02-15 17:50:32.902401+09:00','2023-02-15 17:50:32.902401+09:00',None,None,None,None,None
411,3,7,None,302,1,2,'2023-02-15 17:50:32.902401+09:00','2023-02-15 17:50:32.902401+09:00',None,None,None,None,None
412,3,7,None,303,1,3,'2023-02-15 17:50:32.902401+09:00','2023-02-15 17:50:32.902401+09:00',None,None,None,None,None
413,3,7,None,304,1,4,'2023-02-15 17:50:32.902401+09:00','2023-02-15 17:50:32.902401+09:00',None,None,None,None,None
414,3,7,None,305,1,5,'2023-02-15 17:50:32.902401+09:00','2023-02-15 17:50:32.902401+09:00',None,None,None,None,None
415,3,7,None,306,1,6,'2023-02-15 17:50:32.902401+09:00','2023-02-15 17:50:32.902401+09:00',None,None,None,None,None
