id,hotelId,planId,roomTypeId,peopleCount,createdAt,updatedAt,deletedAt,createdBy,updatedBy,deletedBy,inntoDataId,planGroupCode
96,3,33,23,0,'2023-02-14 13:33:09.068462+09:00','2023-02-15 08:40:26.937789+09:00','2023-02-15 08:40:26.937789+09:00',None,None,None,None,'72e719bf-b558-41ef-a056-9d2ada1b6203'
97,3,33,24,0,'2023-02-14 13:33:09.068462+09:00','2023-02-15 08:40:26.937789+09:00','2023-02-15 08:40:26.937789+09:00',None,None,None,None,'b75794c1-c709-45ce-a9ab-64af66375ada'
98,3,33,25,0,'2023-02-14 13:33:09.068462+09:00','2023-02-15 08:40:26.937789+09:00','2023-02-15 08:40:26.937789+09:00',None,None,None,None,'892abf5f-9cb1-477d-9e77-7f31aabd14a1'
99,3,34,23,0,'2023-02-14 13:33:09.068462+09:00','2023-02-15 08:42:10.264044+09:00','2023-02-15 08:42:10.264044+09:00',None,None,None,None,'e639a4fd-45e5-41e5-9a27-ae50523df7b2'
100,3,34,24,0,'2023-02-14 13:33:09.068462+09:00','2023-02-15 08:42:10.264044+09:00','2023-02-15 08:42:10.264044+09:00',None,None,None,None,'d3c58b12-89db-4b64-a8e1-f19630a29b3d'
101,3,34,25,0,'2023-02-14 13:33:09.068462+09:00','2023-02-15 08:42:10.264044+09:00','2023-02-15 08:42:10.264044+09:00',None,None,None,None,'17fc84ea-0f61-40c0-b53c-5d75274d983d'
102,3,35,23,0,'2023-02-14 13:33:09.068462+09:00','2023-02-15 08:46:12.143951+09:00','2023-02-15 08:46:12.143951+09:00',None,None,None,None,'1d330f73-8893-416b-bbe6-45e7eb54dbf2'
103,3,35,24,0,'2023-02-14 13:33:09.068462+09:00','2023-02-15 08:46:12.143951+09:00','2023-02-15 08:46:12.143951+09:00',None,None,None,None,'069c17a7-015b-4a7a-b10a-a0c22d886bdd'
104,3,35,25,0,'2023-02-14 13:33:09.068462+09:00','2023-02-15 08:46:12.143951+09:00','2023-02-15 08:46:12.143951+09:00',None,None,None,None,'9b9688a9-60f4-4c8c-bba4-2dae6c5ace69'
105,3,36,24,0,'2023-02-14 13:33:09.068462+09:00','2023-02-15 08:47:00.297014+09:00','2023-02-15 08:47:00.297014+09:00',None,None,None,None,'f5d9c477-a382-4259-95a1-f72e20a3eeb6'
106,3,38,26,0,'2023-02-14 13:33:09.068462+09:00','2023-02-15 08:50:13.665558+09:00','2023-02-15 08:50:13.665558+09:00',None,None,None,None,'27b172ef-9996-4ba4-b622-bbc9ff814a90'
107,3,33,23,0,'2023-02-15 08:40:26.937789+09:00','2023-02-15 12:50:02.491834+09:00','2023-02-15 12:50:02.491834+09:00',None,None,None,None,'1'
108,3,33,24,0,'2023-02-15 08:40:26.937789+09:00','2023-02-15 12:50:02.491834+09:00','2023-02-15 12:50:02.491834+09:00',None,None,None,None,'7'
109,3,33,25,0,'2023-02-15 08:40:26.937789+09:00','2023-02-15 12:50:02.491834+09:00','2023-02-15 12:50:02.491834+09:00',None,None,None,None,'4'
121,3,33,23,0,'2023-02-15 12:50:02.491834+09:00','2023-02-15 12:50:02.491834+09:00',None,None,None,None,None,'1'
122,3,33,24,0,'2023-02-15 12:50:02.491834+09:00','2023-02-15 12:50:02.491834+09:00',None,None,None,None,None,'7'
123,3,33,25,0,'2023-02-15 12:50:02.491834+09:00','2023-02-15 12:50:02.491834+09:00',None,None,None,None,None,'4'
110,3,34,23,0,'2023-02-15 08:42:10.264044+09:00','2023-02-15 12:50:10.545963+09:00','2023-02-15 12:50:10.545963+09:00',None,None,None,None,'3'
111,3,34,24,0,'2023-02-15 08:42:10.264044+09:00','2023-02-15 12:50:10.545963+09:00','2023-02-15 12:50:10.545963+09:00',None,None,None,None,'9'
112,3,34,25,0,'2023-02-15 08:42:10.264044+09:00','2023-02-15 12:50:10.545963+09:00','2023-02-15 12:50:10.545963+09:00',None,None,None,None,'6'
124,3,34,23,0,'2023-02-15 12:50:10.545963+09:00','2023-02-15 12:50:55.141902+09:00','2023-02-15 12:50:55.141902+09:00',None,None,None,None,'3'
125,3,34,24,0,'2023-02-15 12:50:10.545963+09:00','2023-02-15 12:50:55.141902+09:00','2023-02-15 12:50:55.141902+09:00',None,None,None,None,'9'
126,3,34,25,0,'2023-02-15 12:50:10.545963+09:00','2023-02-15 12:50:55.141902+09:00','2023-02-15 12:50:55.141902+09:00',None,None,None,None,'6'
127,3,34,23,0,'2023-02-15 12:50:55.141902+09:00','2023-02-15 12:50:55.141902+09:00',None,None,None,None,None,'3'
128,3,34,24,0,'2023-02-15 12:50:55.141902+09:00','2023-02-15 12:50:55.141902+09:00',None,None,None,None,None,'9'
129,3,34,25,0,'2023-02-15 12:50:55.141902+09:00','2023-02-15 12:50:55.141902+09:00',None,None,None,None,None,'6'
113,3,35,23,0,'2023-02-15 08:46:12.143951+09:00','2023-02-15 12:52:11.544644+09:00','2023-02-15 12:52:11.544644+09:00',None,None,None,None,'2'
114,3,35,24,0,'2023-02-15 08:46:12.143951+09:00','2023-02-15 12:52:11.544644+09:00','2023-02-15 12:52:11.544644+09:00',None,None,None,None,'8'
115,3,35,25,0,'2023-02-15 08:46:12.143951+09:00','2023-02-15 12:52:11.544644+09:00','2023-02-15 12:52:11.544644+09:00',None,None,None,None,'5'
130,3,35,23,0,'2023-02-15 12:52:11.544644+09:00','2023-02-15 12:52:11.544644+09:00',None,None,None,None,None,'2'
131,3,35,24,0,'2023-02-15 12:52:11.544644+09:00','2023-02-15 12:52:11.544644+09:00',None,None,None,None,None,'8'
132,3,35,25,0,'2023-02-15 12:52:11.544644+09:00','2023-02-15 12:52:11.544644+09:00',None,None,None,None,None,'5'
116,3,36,24,0,'2023-02-15 08:47:00.297014+09:00','2023-02-15 12:52:30.571439+09:00','2023-02-15 12:52:30.571439+09:00',None,None,None,None,'10'
133,3,36,24,0,'2023-02-15 12:52:30.571439+09:00','2023-02-15 12:52:30.571439+09:00',None,None,None,None,None,'10'
117,3,37,25,0,'2023-02-15 08:49:13.179738+09:00','2023-02-15 12:54:26.159443+09:00','2023-02-15 12:54:26.159443+09:00',None,None,None,None,'12'
118,3,37,24,0,'2023-02-15 08:49:13.179738+09:00','2023-02-15 12:54:26.159443+09:00','2023-02-15 12:54:26.159443+09:00',None,None,None,None,'13'
119,3,37,23,0,'2023-02-15 08:49:13.179738+09:00','2023-02-15 12:54:26.159443+09:00','2023-02-15 12:54:26.159443+09:00',None,None,None,None,'11'
134,3,37,25,0,'2023-02-15 12:54:26.159443+09:00','2023-02-15 12:54:26.159443+09:00',None,None,None,None,None,'12'
135,3,37,24,0,'2023-02-15 12:54:26.159443+09:00','2023-02-15 12:54:26.159443+09:00',None,None,None,None,None,'13'
136,3,37,23,0,'2023-02-15 12:54:26.159443+09:00','2023-02-15 12:54:26.159443+09:00',None,None,None,None,None,'11'
120,3,38,26,0,'2023-02-15 08:50:13.665558+09:00','2023-02-15 12:55:45.486274+09:00','2023-02-15 12:55:45.486274+09:00',None,None,None,None,'14'
137,3,38,26,0,'2023-02-15 12:55:45.486274+09:00','2023-02-15 12:55:45.486274+09:00',None,None,None,None,None,'14'
138,3,39,25,2,'2023-02-28 12:30:00.791303+09:00','2023-02-28 12:30:00.791303+09:00',None,None,None,None,None,'---'
