id,stoppingInventoryId,hotelId,roomId,facilityId,reason,memo,createdAt,updatedAt,deletedAt,createdBy,updatedBy,deletedBy,inntoDataId
60,29,3,327,None,'INVENTORY_ADJUSTMENT',None,'2023-02-14 14:35:58.720623+09:00','2023-02-14 14:39:05.090064+09:00','2023-02-14 14:39:05.090064+09:00',None,None,None,None
61,29,3,340,None,'INVENTORY_ADJUSTMENT',None,'2023-02-14 14:35:58.720623+09:00','2023-02-14 14:39:05.090064+09:00','2023-02-14 14:39:05.090064+09:00',None,None,None,None
62,30,3,327,None,'INVENTORY_ADJUSTMENT',None,'2023-02-14 14:39:05.090064+09:00','2023-02-14 14:39:25.089949+09:00','2023-02-14 14:39:25.089949+09:00',None,None,None,None
63,30,3,340,None,'INVENTORY_ADJUSTMENT',None,'2023-02-14 14:39:05.090064+09:00','2023-02-14 14:39:25.089949+09:00','2023-02-14 14:39:25.089949+09:00',None,None,None,None
64,31,3,327,None,'INVENTORY_ADJUSTMENT',None,'2023-02-14 14:39:25.089949+09:00','2023-02-14 14:40:14.689747+09:00','2023-02-14 14:40:14.689747+09:00',None,None,None,None
65,31,3,340,None,'INVENTORY_ADJUSTMENT',None,'2023-02-14 14:39:25.089949+09:00','2023-02-14 14:40:14.689747+09:00','2023-02-14 14:40:14.689747+09:00',None,None,None,None
66,32,3,327,None,'INVENTORY_ADJUSTMENT',None,'2023-02-14 14:40:14.689747+09:00','2023-02-14 14:40:43.458537+09:00','2023-02-14 14:40:43.458537+09:00',None,None,None,None
67,32,3,340,None,'INVENTORY_ADJUSTMENT',None,'2023-02-14 14:40:14.689747+09:00','2023-02-14 14:40:43.458537+09:00','2023-02-14 14:40:43.458537+09:00',None,None,None,None
68,33,3,327,None,'INVENTORY_ADJUSTMENT',None,'2023-02-14 14:40:43.458537+09:00','2023-02-14 14:41:08.321029+09:00','2023-02-14 14:41:08.321029+09:00',None,None,None,None
69,33,3,340,None,'INVENTORY_ADJUSTMENT',None,'2023-02-14 14:40:43.458537+09:00','2023-02-14 14:41:08.321029+09:00','2023-02-14 14:41:08.321029+09:00',None,None,None,None
70,34,3,350,None,'INVENTORY_ADJUSTMENT',None,'2023-02-14 14:46:28.242219+09:00','2023-02-14 14:49:03.939107+09:00','2023-02-14 14:49:03.939107+09:00',None,None,None,None
71,35,3,300,None,'INVENTORY_ADJUSTMENT',None,'2023-02-14 14:49:03.939107+09:00','2023-02-14 14:50:46.827839+09:00','2023-02-14 14:50:46.827839+09:00',None,None,None,None
72,35,3,350,None,'INVENTORY_ADJUSTMENT',None,'2023-02-14 14:49:03.939107+09:00','2023-02-14 14:50:46.827839+09:00','2023-02-14 14:50:46.827839+09:00',None,None,None,None
73,36,3,300,None,'INVENTORY_ADJUSTMENT',None,'2023-02-14 14:49:03.939107+09:00','2023-02-14 14:50:46.827839+09:00','2023-02-14 14:50:46.827839+09:00',None,None,None,None
75,38,3,300,None,'INVENTORY_ADJUSTMENT',None,'2023-02-14 14:50:46.827839+09:00','2023-02-14 14:51:19.010284+09:00','2023-02-14 14:51:19.010284+09:00',None,None,None,None
76,38,3,327,None,'INVENTORY_ADJUSTMENT',None,'2023-02-14 14:50:46.827839+09:00','2023-02-14 14:51:19.010284+09:00','2023-02-14 14:51:19.010284+09:00',None,None,None,None
77,38,3,340,None,'INVENTORY_ADJUSTMENT',None,'2023-02-14 14:50:46.827839+09:00','2023-02-14 14:51:19.010284+09:00','2023-02-14 14:51:19.010284+09:00',None,None,None,None
78,38,3,350,None,'INVENTORY_ADJUSTMENT',None,'2023-02-14 14:50:46.827839+09:00','2023-02-14 14:51:19.010284+09:00','2023-02-14 14:51:19.010284+09:00',None,None,None,None
79,39,3,300,None,'INVENTORY_ADJUSTMENT',None,'2023-02-14 14:50:46.827839+09:00','2023-02-14 14:51:19.010284+09:00','2023-02-14 14:51:19.010284+09:00',None,None,None,None
80,39,3,327,None,'INVENTORY_ADJUSTMENT',None,'2023-02-14 14:50:46.827839+09:00','2023-02-14 14:51:19.010284+09:00','2023-02-14 14:51:19.010284+09:00',None,None,None,None
81,39,3,340,None,'INVENTORY_ADJUSTMENT',None,'2023-02-14 14:50:46.827839+09:00','2023-02-14 14:51:19.010284+09:00','2023-02-14 14:51:19.010284+09:00',None,None,None,None
74,37,3,300,None,'INVENTORY_ADJUSTMENT',None,'2023-02-14 14:49:53.741018+09:00','2023-02-14 14:53:22.873121+09:00','2023-02-14 14:53:22.873121+09:00',None,None,None,None
82,40,3,300,None,'INVENTORY_ADJUSTMENT',None,'2023-02-14 14:51:19.010284+09:00','2023-02-14 14:57:28.985650+09:00','2023-02-14 14:57:28.985650+09:00',None,None,None,None
83,40,3,327,None,'INVENTORY_ADJUSTMENT',None,'2023-02-14 14:51:19.010284+09:00','2023-02-14 14:57:28.985650+09:00','2023-02-14 14:57:28.985650+09:00',None,None,None,None
84,40,3,340,None,'INVENTORY_ADJUSTMENT',None,'2023-02-14 14:51:19.010284+09:00','2023-02-14 14:57:28.985650+09:00','2023-02-14 14:57:28.985650+09:00',None,None,None,None
85,40,3,350,None,'INVENTORY_ADJUSTMENT',None,'2023-02-14 14:51:19.010284+09:00','2023-02-14 14:57:28.985650+09:00','2023-02-14 14:57:28.985650+09:00',None,None,None,None
90,43,3,300,None,'INVENTORY_ADJUSTMENT',None,'2023-02-14 14:57:28.985650+09:00','2023-02-14 14:59:02.855843+09:00','2023-02-14 14:59:02.855843+09:00',None,None,None,None
86,41,3,327,None,'INVENTORY_ADJUSTMENT',None,'2023-02-14 14:53:22.873121+09:00','2023-02-14 15:00:58.968163+09:00','2023-02-14 15:00:58.968163+09:00',None,None,None,None
87,41,3,340,None,'INVENTORY_ADJUSTMENT',None,'2023-02-14 14:53:22.873121+09:00','2023-02-14 15:00:58.968163+09:00','2023-02-14 15:00:58.968163+09:00',None,None,None,None
88,41,3,350,None,'INVENTORY_ADJUSTMENT',None,'2023-02-14 14:53:22.873121+09:00','2023-02-14 15:00:58.968163+09:00','2023-02-14 15:00:58.968163+09:00',None,None,None,None
91,44,3,300,None,'INVENTORY_ADJUSTMENT',None,'2023-02-14 14:59:02.855843+09:00','2023-02-14 15:01:59.189255+09:00','2023-02-14 15:01:59.189255+09:00',None,None,None,None
92,44,3,327,None,'INVENTORY_ADJUSTMENT',None,'2023-02-14 14:59:02.855843+09:00','2023-02-14 15:01:59.189255+09:00','2023-02-14 15:01:59.189255+09:00',None,None,None,None
93,44,3,340,None,'INVENTORY_ADJUSTMENT',None,'2023-02-14 14:59:02.855843+09:00','2023-02-14 15:01:59.189255+09:00','2023-02-14 15:01:59.189255+09:00',None,None,None,None
96,46,3,327,None,'INVENTORY_ADJUSTMENT',None,'2023-02-14 15:00:58.968163+09:00','2023-02-14 15:03:18.412430+09:00','2023-02-14 15:03:18.412430+09:00',None,None,None,None
97,46,3,340,None,'INVENTORY_ADJUSTMENT',None,'2023-02-14 15:00:58.968163+09:00','2023-02-14 15:03:18.412430+09:00','2023-02-14 15:03:18.412430+09:00',None,None,None,None
98,46,3,350,None,'INVENTORY_ADJUSTMENT',None,'2023-02-14 15:00:58.968163+09:00','2023-02-14 15:03:18.412430+09:00','2023-02-14 15:03:18.412430+09:00',None,None,None,None
103,48,3,300,None,'INVENTORY_ADJUSTMENT',None,'2023-02-14 15:01:59.189255+09:00','2023-02-14 15:03:18.412430+09:00','2023-02-14 15:03:18.412430+09:00',None,None,None,None
104,48,3,327,None,'INVENTORY_ADJUSTMENT',None,'2023-02-14 15:01:59.189255+09:00','2023-02-14 15:03:18.412430+09:00','2023-02-14 15:03:18.412430+09:00',None,None,None,None
105,48,3,340,None,'INVENTORY_ADJUSTMENT',None,'2023-02-14 15:01:59.189255+09:00','2023-02-14 15:03:18.412430+09:00','2023-02-14 15:03:18.412430+09:00',None,None,None,None
94,45,3,340,None,'INVENTORY_ADJUSTMENT',None,'2023-02-14 15:00:58.968163+09:00','2023-02-14 15:04:56.328203+09:00','2023-02-14 15:04:56.328203+09:00',None,None,None,None
95,45,3,327,None,'INVENTORY_ADJUSTMENT',None,'2023-02-14 15:00:58.968163+09:00','2023-02-14 15:04:56.328203+09:00','2023-02-14 15:04:56.328203+09:00',None,None,None,None
89,42,3,350,None,'INVENTORY_ADJUSTMENT',None,'2023-02-14 14:55:51.402141+09:00','2023-02-15 17:17:12.802425+09:00','2023-02-15 17:17:12.802425+09:00',None,None,None,None
99,47,3,300,None,'INVENTORY_ADJUSTMENT',None,'2023-02-14 15:01:59.189255+09:00','2023-02-15 17:17:12.802425+09:00','2023-02-15 17:17:12.802425+09:00',None,None,None,None
100,47,3,327,None,'INVENTORY_ADJUSTMENT',None,'2023-02-14 15:01:59.189255+09:00','2023-02-15 17:17:12.802425+09:00','2023-02-15 17:17:12.802425+09:00',None,None,None,None
101,47,3,340,None,'INVENTORY_ADJUSTMENT',None,'2023-02-14 15:01:59.189255+09:00','2023-02-15 17:17:12.802425+09:00','2023-02-15 17:17:12.802425+09:00',None,None,None,None
102,47,3,350,None,'INVENTORY_ADJUSTMENT',None,'2023-02-14 15:01:59.189255+09:00','2023-02-15 17:17:12.802425+09:00','2023-02-15 17:17:12.802425+09:00',None,None,None,None
106,49,3,300,None,'INVENTORY_ADJUSTMENT',None,'2023-02-14 15:03:18.412430+09:00','2023-02-15 17:17:12.802425+09:00','2023-02-15 17:17:12.802425+09:00',None,None,None,None
107,49,3,327,None,'INVENTORY_ADJUSTMENT',None,'2023-02-14 15:03:18.412430+09:00','2023-02-15 17:17:12.802425+09:00','2023-02-15 17:17:12.802425+09:00',None,None,None,None
108,49,3,340,None,'INVENTORY_ADJUSTMENT',None,'2023-02-14 15:03:18.412430+09:00','2023-02-15 17:17:12.802425+09:00','2023-02-15 17:17:12.802425+09:00',None,None,None,None
109,49,3,350,None,'INVENTORY_ADJUSTMENT',None,'2023-02-14 15:03:18.412430+09:00','2023-02-15 17:17:12.802425+09:00','2023-02-15 17:17:12.802425+09:00',None,None,None,None
110,50,3,327,None,'INVENTORY_ADJUSTMENT',None,'2023-02-14 15:04:56.328203+09:00','2023-02-15 17:17:12.802425+09:00','2023-02-15 17:17:12.802425+09:00',None,None,None,None
111,50,3,340,None,'INVENTORY_ADJUSTMENT',None,'2023-02-14 15:04:56.328203+09:00','2023-02-15 17:17:12.802425+09:00','2023-02-15 17:17:12.802425+09:00',None,None,None,None
112,50,3,350,None,'INVENTORY_ADJUSTMENT',None,'2023-02-14 15:04:56.328203+09:00','2023-02-15 17:17:12.802425+09:00','2023-02-15 17:17:12.802425+09:00',None,None,None,None
113,51,3,350,None,'INVENTORY_ADJUSTMENT',None,'2023-02-14 15:06:23.333995+09:00','2023-02-15 17:17:12.802425+09:00','2023-02-15 17:17:12.802425+09:00',None,None,None,None
114,52,3,350,None,'INVENTORY_ADJUSTMENT',None,'2023-02-14 15:07:48.762395+09:00','2023-02-15 17:17:12.802425+09:00','2023-02-15 17:17:12.802425+09:00',None,None,None,None
119,54,3,327,None,'INVENTORY_ADJUSTMENT',None,'2023-02-15 17:21:40.571719+09:00','2023-02-15 17:22:41.653609+09:00','2023-02-15 17:22:41.653609+09:00',None,None,None,None
120,54,3,340,None,'INVENTORY_ADJUSTMENT',None,'2023-02-15 17:21:40.571719+09:00','2023-02-15 17:22:41.653609+09:00','2023-02-15 17:22:41.653609+09:00',None,None,None,None
125,57,3,350,None,'INVENTORY_ADJUSTMENT',None,'2023-02-15 17:23:24.963404+09:00','2023-02-15 17:23:24.963404+09:00',None,None,None,None,None
126,58,3,350,None,'INVENTORY_ADJUSTMENT',None,'2023-02-15 17:24:09.793236+09:00','2023-02-15 17:24:18.094845+09:00','2023-02-15 17:24:18.094845+09:00',None,None,None,None
127,59,3,350,None,'INVENTORY_ADJUSTMENT',None,'2023-02-15 17:24:18.094845+09:00','2023-02-15 17:24:18.094845+09:00',None,None,None,None,None
115,53,3,300,None,'INVENTORY_ADJUSTMENT',None,'2023-02-15 17:19:29.600398+09:00','2023-02-28 10:55:52.009230+09:00','2023-02-28 10:55:52.009230+09:00',None,None,None,None
116,53,3,350,None,'INVENTORY_ADJUSTMENT',None,'2023-02-15 17:19:29.600398+09:00','2023-02-28 10:55:52.009230+09:00','2023-02-28 10:55:52.009230+09:00',None,None,None,None
117,53,3,340,None,'INVENTORY_ADJUSTMENT',None,'2023-02-15 17:19:29.600398+09:00','2023-02-28 10:55:52.009230+09:00','2023-02-28 10:55:52.009230+09:00',None,None,None,None
118,53,3,327,None,'INVENTORY_ADJUSTMENT',None,'2023-02-15 17:19:29.600398+09:00','2023-02-28 10:55:52.009230+09:00','2023-02-28 10:55:52.009230+09:00',None,None,None,None
121,55,3,350,None,'INVENTORY_ADJUSTMENT',None,'2023-02-15 17:22:41.653609+09:00','2023-02-28 10:55:52.009230+09:00','2023-02-28 10:55:52.009230+09:00',None,None,None,None
122,55,3,327,None,'INVENTORY_ADJUSTMENT',None,'2023-02-15 17:22:41.653609+09:00','2023-02-28 10:55:52.009230+09:00','2023-02-28 10:55:52.009230+09:00',None,None,None,None
123,55,3,340,None,'INVENTORY_ADJUSTMENT',None,'2023-02-15 17:22:41.653609+09:00','2023-02-28 10:55:52.009230+09:00','2023-02-28 10:55:52.009230+09:00',None,None,None,None
128,60,3,327,None,'INVENTORY_ADJUSTMENT',None,'2023-02-28 10:55:52.009230+09:00','2023-02-28 11:33:11.084828+09:00','2023-02-28 11:33:11.084828+09:00',None,None,None,None
129,60,3,340,None,'INVENTORY_ADJUSTMENT',None,'2023-02-28 10:55:52.009230+09:00','2023-02-28 11:33:11.084828+09:00','2023-02-28 11:33:11.084828+09:00',None,None,None,None
130,60,3,350,None,'INVENTORY_ADJUSTMENT',None,'2023-02-28 10:55:52.009230+09:00','2023-02-28 11:33:11.084828+09:00','2023-02-28 11:33:11.084828+09:00',None,None,None,None
124,56,3,350,None,'INVENTORY_ADJUSTMENT',None,'2023-02-15 17:22:41.653609+09:00','2023-02-28 11:37:00.129520+09:00','2023-02-28 11:37:00.129520+09:00',None,None,None,None
135,62,3,350,None,'INVENTORY_ADJUSTMENT',None,'2023-02-28 11:33:11.084828+09:00','2023-02-28 11:37:00.129520+09:00','2023-02-28 11:37:00.129520+09:00',None,None,None,None
136,62,3,327,None,'INVENTORY_ADJUSTMENT',None,'2023-02-28 11:33:11.084828+09:00','2023-02-28 11:37:00.129520+09:00','2023-02-28 11:37:00.129520+09:00',None,None,None,None
137,62,3,340,None,'INVENTORY_ADJUSTMENT',None,'2023-02-28 11:33:11.084828+09:00','2023-02-28 11:37:00.129520+09:00','2023-02-28 11:37:00.129520+09:00',None,None,None,None
138,63,3,350,None,'INVENTORY_ADJUSTMENT',None,'2023-02-28 11:37:00.129520+09:00','2023-02-28 11:37:00.129520+09:00',None,None,None,None,None
139,64,3,327,None,'INVENTORY_ADJUSTMENT',None,'2023-02-28 11:40:08.056087+09:00','2023-02-28 11:41:09.074355+09:00','2023-02-28 11:41:09.074355+09:00',None,None,None,None
140,65,3,327,None,'INVENTORY_ADJUSTMENT',None,'2023-02-28 11:41:09.074355+09:00','2023-02-28 11:42:37.127088+09:00','2023-02-28 11:42:37.127088+09:00',None,None,None,None
141,65,3,340,None,'INVENTORY_ADJUSTMENT',None,'2023-02-28 11:41:09.074355+09:00','2023-02-28 11:42:37.127088+09:00','2023-02-28 11:42:37.127088+09:00',None,None,None,None
142,66,3,327,None,'INVENTORY_ADJUSTMENT',None,'2023-02-28 11:41:09.074355+09:00','2023-02-28 11:42:37.127088+09:00','2023-02-28 11:42:37.127088+09:00',None,None,None,None
143,66,3,340,None,'INVENTORY_ADJUSTMENT',None,'2023-02-28 11:41:09.074355+09:00','2023-02-28 11:42:37.127088+09:00','2023-02-28 11:42:37.127088+09:00',None,None,None,None
144,67,3,327,None,'INVENTORY_ADJUSTMENT',None,'2023-02-28 11:41:09.074355+09:00','2023-02-28 11:42:37.127088+09:00','2023-02-28 11:42:37.127088+09:00',None,None,None,None
145,68,3,327,None,'INVENTORY_ADJUSTMENT',None,'2023-02-28 11:41:09.074355+09:00','2023-02-28 11:42:37.127088+09:00','2023-02-28 11:42:37.127088+09:00',None,None,None,None
146,69,3,327,None,'INVENTORY_ADJUSTMENT',None,'2023-02-28 11:42:37.127088+09:00','2023-02-28 11:52:55.930037+09:00','2023-02-28 11:52:55.930037+09:00',None,None,None,None
147,69,3,340,None,'INVENTORY_ADJUSTMENT',None,'2023-02-28 11:42:37.127088+09:00','2023-02-28 11:52:55.930037+09:00','2023-02-28 11:52:55.930037+09:00',None,None,None,None
148,69,3,350,None,'INVENTORY_ADJUSTMENT',None,'2023-02-28 11:42:37.127088+09:00','2023-02-28 11:52:55.930037+09:00','2023-02-28 11:52:55.930037+09:00',None,None,None,None
131,61,3,350,None,'INVENTORY_ADJUSTMENT',None,'2023-02-28 11:31:53.990142+09:00','2023-03-01 12:04:11.191450+09:00','2023-03-01 12:04:11.191450+09:00',None,None,None,None
132,61,3,300,None,'INVENTORY_ADJUSTMENT',None,'2023-02-28 11:31:53.990142+09:00','2023-03-01 12:04:11.191450+09:00','2023-03-01 12:04:11.191450+09:00',None,None,None,None
133,61,3,327,None,'INVENTORY_ADJUSTMENT',None,'2023-02-28 11:31:53.990142+09:00','2023-03-01 12:04:11.191450+09:00','2023-03-01 12:04:11.191450+09:00',None,None,None,None
134,61,3,340,None,'INVENTORY_ADJUSTMENT',None,'2023-02-28 11:31:53.990142+09:00','2023-03-01 12:04:11.191450+09:00','2023-03-01 12:04:11.191450+09:00',None,None,None,None
149,70,3,327,None,'INVENTORY_ADJUSTMENT',None,'2023-02-28 11:42:37.127088+09:00','2023-02-28 11:52:55.930037+09:00','2023-02-28 11:52:55.930037+09:00',None,None,None,None
150,70,3,350,None,'INVENTORY_ADJUSTMENT',None,'2023-02-28 11:42:37.127088+09:00','2023-02-28 11:52:55.930037+09:00','2023-02-28 11:52:55.930037+09:00',None,None,None,None
151,71,3,327,None,'INVENTORY_ADJUSTMENT',None,'2023-02-28 11:42:37.127088+09:00','2023-02-28 11:52:55.930037+09:00','2023-02-28 11:52:55.930037+09:00',None,None,None,None
152,71,3,340,None,'INVENTORY_ADJUSTMENT',None,'2023-02-28 11:42:37.127088+09:00','2023-02-28 11:52:55.930037+09:00','2023-02-28 11:52:55.930037+09:00',None,None,None,None
153,71,3,350,None,'INVENTORY_ADJUSTMENT',None,'2023-02-28 11:42:37.127088+09:00','2023-02-28 11:52:55.930037+09:00','2023-02-28 11:52:55.930037+09:00',None,None,None,None
160,74,3,350,None,'INVENTORY_ADJUSTMENT',None,'2023-03-01 12:04:11.191450+09:00','2023-03-01 12:04:11.191450+09:00',None,None,None,None,None
161,74,3,300,None,'INVENTORY_ADJUSTMENT',None,'2023-03-01 12:04:11.191450+09:00','2023-03-01 12:04:11.191450+09:00',None,None,None,None,None
162,74,3,327,None,'INVENTORY_ADJUSTMENT',None,'2023-03-01 12:04:11.191450+09:00','2023-03-01 12:04:11.191450+09:00',None,None,None,None,None
163,74,3,340,None,'INVENTORY_ADJUSTMENT',None,'2023-03-01 12:04:11.191450+09:00','2023-03-01 12:04:11.191450+09:00',None,None,None,None,None
157,73,3,297,None,'INVENTORY_ADJUSTMENT',None,'2023-03-01 12:04:11.191450+09:00','2023-03-01 12:04:43.614808+09:00','2023-03-01 12:04:43.614808+09:00',None,None,None,None
158,73,3,299,None,'INVENTORY_ADJUSTMENT',None,'2023-03-01 12:04:11.191450+09:00','2023-03-01 12:04:43.614808+09:00','2023-03-01 12:04:43.614808+09:00',None,None,None,None
159,73,3,300,None,'INVENTORY_ADJUSTMENT',None,'2023-03-01 12:04:11.191450+09:00','2023-03-01 12:04:43.614808+09:00','2023-03-01 12:04:43.614808+09:00',None,None,None,None
168,76,3,297,None,'INVENTORY_ADJUSTMENT',None,'2023-03-01 12:04:43.614808+09:00','2023-03-01 12:06:45.132463+09:00','2023-03-01 12:06:45.132463+09:00',None,None,None,None
169,76,3,299,None,'INVENTORY_ADJUSTMENT',None,'2023-03-01 12:04:43.614808+09:00','2023-03-01 12:06:45.132463+09:00','2023-03-01 12:06:45.132463+09:00',None,None,None,None
170,76,3,300,None,'INVENTORY_ADJUSTMENT',None,'2023-03-01 12:04:43.614808+09:00','2023-03-01 12:06:45.132463+09:00','2023-03-01 12:06:45.132463+09:00',None,None,None,None
171,76,3,302,None,'INVENTORY_ADJUSTMENT',None,'2023-03-01 12:04:43.614808+09:00','2023-03-01 12:06:45.132463+09:00','2023-03-01 12:06:45.132463+09:00',None,None,None,None
172,77,3,297,None,'INVENTORY_ADJUSTMENT',None,'2023-03-01 12:06:45.132463+09:00','2023-03-01 12:11:13.555958+09:00','2023-03-01 12:11:13.555958+09:00',None,None,None,None
173,77,3,299,None,'INVENTORY_ADJUSTMENT',None,'2023-03-01 12:06:45.132463+09:00','2023-03-01 12:11:13.555958+09:00','2023-03-01 12:11:13.555958+09:00',None,None,None,None
174,77,3,300,None,'INVENTORY_ADJUSTMENT',None,'2023-03-01 12:06:45.132463+09:00','2023-03-01 12:11:13.555958+09:00','2023-03-01 12:11:13.555958+09:00',None,None,None,None
175,77,3,302,None,'INVENTORY_ADJUSTMENT',None,'2023-03-01 12:06:45.132463+09:00','2023-03-01 12:11:13.555958+09:00','2023-03-01 12:11:13.555958+09:00',None,None,None,None
176,77,3,304,None,'INVENTORY_ADJUSTMENT',None,'2023-03-01 12:06:45.132463+09:00','2023-03-01 12:11:13.555958+09:00','2023-03-01 12:11:13.555958+09:00',None,None,None,None
154,72,3,327,None,'INVENTORY_ADJUSTMENT',None,'2023-02-28 11:52:55.930037+09:00','2023-03-01 12:56:03.719812+09:00','2023-03-01 12:56:03.719812+09:00',None,None,None,None
155,72,3,340,None,'INVENTORY_ADJUSTMENT',None,'2023-02-28 11:52:55.930037+09:00','2023-03-01 12:56:03.719812+09:00','2023-03-01 12:56:03.719812+09:00',None,None,None,None
156,72,3,350,None,'INVENTORY_ADJUSTMENT',None,'2023-02-28 11:52:55.930037+09:00','2023-03-01 12:56:03.719812+09:00','2023-03-01 12:56:03.719812+09:00',None,None,None,None
177,78,3,350,None,'INVENTORY_ADJUSTMENT',None,'2023-03-01 12:56:03.719812+09:00','2023-03-01 12:56:03.719812+09:00',None,None,None,None,None
178,79,3,327,None,'INVENTORY_ADJUSTMENT',None,'2023-03-01 12:56:03.719812+09:00','2023-03-01 12:56:03.719812+09:00',None,None,None,None,None
179,79,3,340,None,'INVENTORY_ADJUSTMENT',None,'2023-03-01 12:56:03.719812+09:00','2023-03-01 12:56:03.719812+09:00',None,None,None,None,None
180,79,3,350,None,'INVENTORY_ADJUSTMENT',None,'2023-03-01 12:56:03.719812+09:00','2023-03-01 12:56:03.719812+09:00',None,None,None,None,None
181,80,3,297,None,'INVENTORY_ADJUSTMENT',None,'2023-03-01 12:59:47.041842+09:00','2023-03-01 13:02:00.739739+09:00','2023-03-01 13:02:00.739739+09:00',None,None,None,None
182,80,3,299,None,'INVENTORY_ADJUSTMENT',None,'2023-03-01 12:59:47.041842+09:00','2023-03-01 13:02:00.739739+09:00','2023-03-01 13:02:00.739739+09:00',None,None,None,None
183,80,3,300,None,'INVENTORY_ADJUSTMENT',None,'2023-03-01 12:59:47.041842+09:00','2023-03-01 13:02:00.739739+09:00','2023-03-01 13:02:00.739739+09:00',None,None,None,None
184,80,3,302,None,'INVENTORY_ADJUSTMENT',None,'2023-03-01 12:59:47.041842+09:00','2023-03-01 13:02:00.739739+09:00','2023-03-01 13:02:00.739739+09:00',None,None,None,None
164,75,3,350,None,'INVENTORY_ADJUSTMENT',None,'2023-03-01 12:04:11.191450+09:00','2023-03-01 13:04:14.249250+09:00','2023-03-01 13:04:14.249250+09:00',None,None,None,None
165,75,3,300,None,'INVENTORY_ADJUSTMENT',None,'2023-03-01 12:04:11.191450+09:00','2023-03-01 13:04:14.249250+09:00','2023-03-01 13:04:14.249250+09:00',None,None,None,None
166,75,3,327,None,'INVENTORY_ADJUSTMENT',None,'2023-03-01 12:04:11.191450+09:00','2023-03-01 13:04:14.249250+09:00','2023-03-01 13:04:14.249250+09:00',None,None,None,None
167,75,3,340,None,'INVENTORY_ADJUSTMENT',None,'2023-03-01 12:04:11.191450+09:00','2023-03-01 13:04:14.249250+09:00','2023-03-01 13:04:14.249250+09:00',None,None,None,None
185,81,3,297,None,'INVENTORY_ADJUSTMENT',None,'2023-03-01 13:02:00.739739+09:00','2023-03-01 13:08:01.332595+09:00','2023-03-01 13:08:01.332595+09:00',None,None,None,None
186,81,3,299,None,'INVENTORY_ADJUSTMENT',None,'2023-03-01 13:02:00.739739+09:00','2023-03-01 13:08:01.332595+09:00','2023-03-01 13:08:01.332595+09:00',None,None,None,None
187,81,3,300,None,'INVENTORY_ADJUSTMENT',None,'2023-03-01 13:02:00.739739+09:00','2023-03-01 13:08:01.332595+09:00','2023-03-01 13:08:01.332595+09:00',None,None,None,None
188,82,3,300,None,'INVENTORY_ADJUSTMENT',None,'2023-03-01 13:04:14.249250+09:00','2023-03-01 13:08:01.332595+09:00','2023-03-01 13:08:01.332595+09:00',None,None,None,None
189,82,3,327,None,'INVENTORY_ADJUSTMENT',None,'2023-03-01 13:04:14.249250+09:00','2023-03-01 13:08:01.332595+09:00','2023-03-01 13:08:01.332595+09:00',None,None,None,None
190,82,3,340,None,'INVENTORY_ADJUSTMENT',None,'2023-03-01 13:04:14.249250+09:00','2023-03-01 13:08:01.332595+09:00','2023-03-01 13:08:01.332595+09:00',None,None,None,None
191,82,3,350,None,'INVENTORY_ADJUSTMENT',None,'2023-03-01 13:04:14.249250+09:00','2023-03-01 13:08:01.332595+09:00','2023-03-01 13:08:01.332595+09:00',None,None,None,None
192,83,3,300,None,'INVENTORY_ADJUSTMENT',None,'2023-03-01 13:08:01.332595+09:00','2023-03-01 13:08:15.977395+09:00','2023-03-01 13:08:15.977395+09:00',None,None,None,None
193,83,3,327,None,'INVENTORY_ADJUSTMENT',None,'2023-03-01 13:08:01.332595+09:00','2023-03-01 13:08:15.977395+09:00','2023-03-01 13:08:15.977395+09:00',None,None,None,None
194,83,3,340,None,'INVENTORY_ADJUSTMENT',None,'2023-03-01 13:08:01.332595+09:00','2023-03-01 13:08:15.977395+09:00','2023-03-01 13:08:15.977395+09:00',None,None,None,None
195,83,3,350,None,'INVENTORY_ADJUSTMENT',None,'2023-03-01 13:08:01.332595+09:00','2023-03-01 13:08:15.977395+09:00','2023-03-01 13:08:15.977395+09:00',None,None,None,None
196,84,3,327,None,'INVENTORY_ADJUSTMENT',None,'2023-03-01 13:08:15.977395+09:00','2023-03-01 13:09:08.591149+09:00','2023-03-01 13:09:08.591149+09:00',None,None,None,None
197,84,3,340,None,'INVENTORY_ADJUSTMENT',None,'2023-03-01 13:08:15.977395+09:00','2023-03-01 13:09:08.591149+09:00','2023-03-01 13:09:08.591149+09:00',None,None,None,None
198,84,3,350,None,'INVENTORY_ADJUSTMENT',None,'2023-03-01 13:08:15.977395+09:00','2023-03-01 13:09:08.591149+09:00','2023-03-01 13:09:08.591149+09:00',None,None,None,None
199,85,3,300,None,'INVENTORY_ADJUSTMENT',None,'2023-03-01 13:08:15.977395+09:00','2023-03-01 13:09:08.591149+09:00','2023-03-01 13:09:08.591149+09:00',None,None,None,None
200,85,3,327,None,'INVENTORY_ADJUSTMENT',None,'2023-03-01 13:08:15.977395+09:00','2023-03-01 13:09:08.591149+09:00','2023-03-01 13:09:08.591149+09:00',None,None,None,None
201,85,3,340,None,'INVENTORY_ADJUSTMENT',None,'2023-03-01 13:08:15.977395+09:00','2023-03-01 13:09:08.591149+09:00','2023-03-01 13:09:08.591149+09:00',None,None,None,None
202,85,3,350,None,'INVENTORY_ADJUSTMENT',None,'2023-03-01 13:08:15.977395+09:00','2023-03-01 13:09:08.591149+09:00','2023-03-01 13:09:08.591149+09:00',None,None,None,None
203,86,3,300,None,'INVENTORY_ADJUSTMENT',None,'2023-03-01 13:09:08.591149+09:00','2023-03-01 13:09:26.565068+09:00','2023-03-01 13:09:26.565068+09:00',None,None,None,None
204,86,3,327,None,'INVENTORY_ADJUSTMENT',None,'2023-03-01 13:09:08.591149+09:00','2023-03-01 13:09:26.565068+09:00','2023-03-01 13:09:26.565068+09:00',None,None,None,None
205,86,3,340,None,'INVENTORY_ADJUSTMENT',None,'2023-03-01 13:09:08.591149+09:00','2023-03-01 13:09:26.565068+09:00','2023-03-01 13:09:26.565068+09:00',None,None,None,None
206,86,3,350,None,'INVENTORY_ADJUSTMENT',None,'2023-03-01 13:09:08.591149+09:00','2023-03-01 13:09:26.565068+09:00','2023-03-01 13:09:26.565068+09:00',None,None,None,None
207,87,3,297,None,'INVENTORY_ADJUSTMENT',None,'2023-03-01 13:09:26.565068+09:00','2023-03-01 13:13:20.047612+09:00','2023-03-01 13:13:20.047612+09:00',None,None,None,None
208,87,3,299,None,'INVENTORY_ADJUSTMENT',None,'2023-03-01 13:09:26.565068+09:00','2023-03-01 13:13:20.047612+09:00','2023-03-01 13:13:20.047612+09:00',None,None,None,None
209,87,3,300,None,'INVENTORY_ADJUSTMENT',None,'2023-03-01 13:09:26.565068+09:00','2023-03-01 13:13:20.047612+09:00','2023-03-01 13:13:20.047612+09:00',None,None,None,None
210,88,3,300,None,'INVENTORY_ADJUSTMENT',None,'2023-03-01 13:09:26.565068+09:00','2023-03-01 13:13:41.365343+09:00','2023-03-01 13:13:41.365343+09:00',None,None,None,None
211,88,3,327,None,'INVENTORY_ADJUSTMENT',None,'2023-03-01 13:09:26.565068+09:00','2023-03-01 13:13:41.365343+09:00','2023-03-01 13:13:41.365343+09:00',None,None,None,None
212,88,3,340,None,'INVENTORY_ADJUSTMENT',None,'2023-03-01 13:09:26.565068+09:00','2023-03-01 13:13:41.365343+09:00','2023-03-01 13:13:41.365343+09:00',None,None,None,None
213,88,3,350,None,'INVENTORY_ADJUSTMENT',None,'2023-03-01 13:09:26.565068+09:00','2023-03-01 13:13:41.365343+09:00','2023-03-01 13:13:41.365343+09:00',None,None,None,None
214,89,3,300,None,'INVENTORY_ADJUSTMENT',None,'2023-03-01 13:13:41.365343+09:00','2023-03-01 13:13:41.365343+09:00',None,None,None,None,None
215,89,3,327,None,'INVENTORY_ADJUSTMENT',None,'2023-03-01 13:13:41.365343+09:00','2023-03-01 13:13:41.365343+09:00',None,None,None,None,None
216,89,3,340,None,'INVENTORY_ADJUSTMENT',None,'2023-03-01 13:13:41.365343+09:00','2023-03-01 13:13:41.365343+09:00',None,None,None,None,None
217,89,3,350,None,'INVENTORY_ADJUSTMENT',None,'2023-03-01 13:13:41.365343+09:00','2023-03-01 13:13:41.365343+09:00',None,None,None,None,None
